created_at,project_id,role,content
2026-01-16 13:14:21.041+00,7c7dc673-1036-4054-ac80-dbcc0edb47c8,assistant,"I've enhanced your prompt to: ""Create a modern, responsive website for: make a website for me for my fake curreny distibution drugs selling  webite in black work i am a marvel fan boi add spiderman indian theamed and ironman in my website child friendly . Use clean design, good typography, and smooth animations."""
2026-01-15 06:50:41.39+00,29c55350-8598-46b0-a06e-0181046e8e84,assistant,"I've enhanced your prompt to: ""Create a modern, responsive website for: Create a high-end, responsive professional portfolio website for a [Your Profession, e.g., Senior UX Designer] named [Ariyan King]. VISUAL STYLE: Use a [e.g., minimalist dark mode / vibrant brutalist] aesthetic. Primary color: [Hex Code or e.g., Slate Blue]. Typography: Use [e.g., Inter for body, Playfair Display for headings]. Ensure a clean layout with generous whitespace and smooth scroll animations. STRUCTURE & CONTENT: Hero Section: Large headline saying 'Building Digital Experiences,' a brief sub-headline, and a 'View My Work' CTA button. Projects Grid: A 2-column masonry grid showcasing 4 project cards with hover effects, titles, and tags. About Section: A professional bio layout with a placeholder for a headshot and a list of core competencies. Experience: A vertical timeline showing past roles and achievements. Contact: A clean footer with social links (LinkedIn, GitHub) and a simple contact form. FUNCTIONALITY: Include a sticky navigation bar, mobile-responsive design, and an image lightbox for project viewing. Optimize for fast loading speeds.. Use clean design, good typography, and smooth animations."""
2026-02-16 09:55:18.668+00,8a6b6cc2-5d0b-49a0-a418-e3f861fc30f2,user,Change hero section and best hero section create 
2026-01-15 14:46:53.162+00,2801bac2-ac9a-4069-8f65-4d14ad1c65d2,user,"Create a high-end, responsive professional portfolio website for a [Your Profession, e.g., Senior UX Designer] named [Ariyan King]. VISUAL STYLE: Use a [e.g., minimalist dark mode / vibrant brutalist] aesthetic. Primary color: [Hex Code or e.g., Slate Blue]. Typography: Use [e.g., Inter for body, Playfair Display for headings]. Ensure a clean layout with generous whitespace and smooth scroll animations. STRUCTURE & CONTENT: Hero Section: Large headline saying 'Building Digital Experiences,' a brief sub-headline, and a 'View My Work' CTA button. Projects Grid: A 2-column masonry grid showcasing 4 project cards with hover effects, titles, and tags. About Section: A professional bio layout with a placeholder for a headshot and a list of core competencies. Experience: A vertical timeline showing past roles and achievements. Contact: A clean footer with social links (LinkedIn, GitHub) and a simple contact form. FUNCTIONALITY: Include a sticky navigation bar, mobile-responsive design, and an image lightbox for project viewing. Optimize for fast loading speeds."
2026-01-15 03:15:10.649+00,0ec7d64d-2015-48c1-80a9-3f9fad118bd1,user,"Create a high-end, responsive professional portfolio website for a [Your Profession, e.g., Senior UX Designer] named Ariyan King. VISUAL STYLE: Use a [e.g., minimalist dark mode / vibrant brutalist] aesthetic. Primary color: [Hex Code or e.g., Slate Blue]. Typography: Use [e.g., Inter for body, Playfair Display for headings]. Ensure a clean layout with generous whitespace and smooth scroll animations. STRUCTURE & CONTENT: Hero Section: Large headline saying 'Building Digital Experiences,' a brief sub-headline, and a 'View My Work' CTA button. Projects Grid: A 2-column masonry grid showcasing 4 project cards with hover effects, titles, and tags. About Section: A professional bio layout with a placeholder for a headshot and a list of core competencies. Experience: A vertical timeline showing past roles and achievements. Contact: A clean footer with social links (LinkedIn, GitHub) and a simple contact form. FUNCTIONALITY: Include a sticky navigation bar, mobile-responsive design, and an image lightbox for project viewing. Optimize for fast loading speeds."
2026-02-16 09:55:20.986+00,8a6b6cc2-5d0b-49a0-a418-e3f861fc30f2,assistant,Now making changes to your website...
2026-01-15 14:46:54.726+00,2801bac2-ac9a-4069-8f65-4d14ad1c65d2,assistant,Now generating your website...
2026-01-15 03:15:11.001+00,0ec7d64d-2015-48c1-80a9-3f9fad118bd1,assistant,"I've enhanced your prompt to: ""Create a modern, responsive website for: Create a high-end, responsive professional portfolio website for a [Your Profession, e.g., Senior UX Designer] named Ariyan King. VISUAL STYLE: Use a [e.g., minimalist dark mode / vibrant brutalist] aesthetic. Primary color: [Hex Code or e.g., Slate Blue]. Typography: Use [e.g., Inter for body, Playfair Display for headings]. Ensure a clean layout with generous whitespace and smooth scroll animations. STRUCTURE & CONTENT: Hero Section: Large headline saying 'Building Digital Experiences,' a brief sub-headline, and a 'View My Work' CTA button. Projects Grid: A 2-column masonry grid showcasing 4 project cards with hover effects, titles, and tags. About Section: A professional bio layout with a placeholder for a headshot and a list of core competencies. Experience: A vertical timeline showing past roles and achievements. Contact: A clean footer with social links (LinkedIn, GitHub) and a simple contact form. FUNCTIONALITY: Include a sticky navigation bar, mobile-responsive design, and an image lightbox for project viewing. Optimize for fast loading speeds.. Use clean design, good typography, and smooth animations."""
2026-01-18 04:05:42.263+00,8a6b6cc2-5d0b-49a0-a418-e3f861fc30f2,assistant,Now making changes to your website...
2026-01-16 12:47:41.969+00,8a6b6cc2-5d0b-49a0-a418-e3f861fc30f2,assistant,"I've enhanced your prompt to: ""Create a modern, responsive website for: Act as a Senior Product Designer. Create a professional, high-converting portfolio website for Arpit Ariyan Maharana, a [Your Role, e.g., Full-Stack Developer] with 2 years of experience. Visual Vibe: Use a [e.g., minimalist dark mode] aesthetic with [e.g., electric blue] accent colors, glassmorphism effects, and plenty of whitespace. Use [e.g., Inter or a clean sans-serif] typography for a techy yet authoritative feel. Use a deep black background (#782a04) with electric blue accents and the Inter font. Structure & Pages: Hero Section: Large, centered typography with a compelling bio and a placeholder for a professional headshot. Include a clear 'Hire Me' primary CTA. Work/Projects: A responsive Bento-box grid of 4–6 projects. Each card should have subtle hover glow effects and link to detailed case study pages. Skills: A scrolling marquee or interactive radar chart of technical and soft skills. About Me: A two-column layout telling my story and highlighting professional achievements. Testimonials: A dynamic slider with client logos and linked quotes for social proof. Contact: A simple, frictionless form with fields for budget and timeline, plus a floating action button for instant booking. Interactivity: Include micro-animations, scroll-triggered reveals, and a dark/light mode toggle. Ensure it is fully mobile-responsive and SEO-optimized.. Use clean design, good typography, and smooth animations."""
2026-01-16 13:23:01.581+00,7c7dc673-1036-4054-ac80-dbcc0edb47c8,assistant,I've made the changes to your website! You can now preview it
2026-01-18 04:07:08.836+00,8a6b6cc2-5d0b-49a0-a418-e3f861fc30f2,assistant,I've made the changes to your website! You can now preview it
2026-01-15 14:46:53.599+00,2801bac2-ac9a-4069-8f65-4d14ad1c65d2,assistant,"I've enhanced your prompt to: ""Create a modern, responsive website for: Create a high-end, responsive professional portfolio website for a [Your Profession, e.g., Senior UX Designer] named [Ariyan King]. VISUAL STYLE: Use a [e.g., minimalist dark mode / vibrant brutalist] aesthetic. Primary color: [Hex Code or e.g., Slate Blue]. Typography: Use [e.g., Inter for body, Playfair Display for headings]. Ensure a clean layout with generous whitespace and smooth scroll animations. STRUCTURE & CONTENT: Hero Section: Large headline saying 'Building Digital Experiences,' a brief sub-headline, and a 'View My Work' CTA button. Projects Grid: A 2-column masonry grid showcasing 4 project cards with hover effects, titles, and tags. About Section: A professional bio layout with a placeholder for a headshot and a list of core competencies. Experience: A vertical timeline showing past roles and achievements. Contact: A clean footer with social links (LinkedIn, GitHub) and a simple contact form. FUNCTIONALITY: Include a sticky navigation bar, mobile-responsive design, and an image lightbox for project viewing. Optimize for fast loading speeds.. Use clean design, good typography, and smooth animations."""
2026-01-15 03:17:09.502+00,0ec7d64d-2015-48c1-80a9-3f9fad118bd1,assistant,I've created your website! You can see it in the preview panel. Feel free to request any changes.
2026-02-16 09:55:20.761+00,8a6b6cc2-5d0b-49a0-a418-e3f861fc30f2,assistant,"I've enhanced your request to: ""Create a modern, responsive website for: Change hero section and best hero section create . Use clean design, good typography, and smooth animations."""
2026-01-16 12:49:54.155+00,8a6b6cc2-5d0b-49a0-a418-e3f861fc30f2,assistant,I've created your website! You can see it in the preview panel. Feel free to request any changes.
2026-01-16 13:19:38.6+00,7c7dc673-1036-4054-ac80-dbcc0edb47c8,user,change theam full futurestic 
2026-01-15 06:50:42.064+00,29c55350-8598-46b0-a06e-0181046e8e84,assistant,Now generating your website...
2026-01-18 04:05:41.861+00,8a6b6cc2-5d0b-49a0-a418-e3f861fc30f2,assistant,"I've enhanced your request to: ""Create a modern, responsive website for: so you can change this footer section . Use clean design, good typography, and smooth animations."""
2026-01-18 04:05:35.376+00,8a6b6cc2-5d0b-49a0-a418-e3f861fc30f2,user,so you can change this footer section 
2026-01-15 06:50:40.982+00,29c55350-8598-46b0-a06e-0181046e8e84,user,"Create a high-end, responsive professional portfolio website for a [Your Profession, e.g., Senior UX Designer] named [Ariyan King]. VISUAL STYLE: Use a [e.g., minimalist dark mode / vibrant brutalist] aesthetic. Primary color: [Hex Code or e.g., Slate Blue]. Typography: Use [e.g., Inter for body, Playfair Display for headings]. Ensure a clean layout with generous whitespace and smooth scroll animations. STRUCTURE & CONTENT: Hero Section: Large headline saying 'Building Digital Experiences,' a brief sub-headline, and a 'View My Work' CTA button. Projects Grid: A 2-column masonry grid showcasing 4 project cards with hover effects, titles, and tags. About Section: A professional bio layout with a placeholder for a headshot and a list of core competencies. Experience: A vertical timeline showing past roles and achievements. Contact: A clean footer with social links (LinkedIn, GitHub) and a simple contact form. FUNCTIONALITY: Include a sticky navigation bar, mobile-responsive design, and an image lightbox for project viewing. Optimize for fast loading speeds."
2026-01-15 06:53:22.329+00,29c55350-8598-46b0-a06e-0181046e8e84,assistant,I've created your website! You can see it in the preview panel. Feel free to request any changes.
2026-01-16 12:47:42.732+00,8a6b6cc2-5d0b-49a0-a418-e3f861fc30f2,assistant,Now generating your website...
2026-01-15 03:15:11.764+00,0ec7d64d-2015-48c1-80a9-3f9fad118bd1,assistant,Now generating your website...
2026-01-16 13:20:18.63+00,7c7dc673-1036-4054-ac80-dbcc0edb47c8,assistant,Now making changes to your website...
2026-01-16 13:14:20.72+00,7c7dc673-1036-4054-ac80-dbcc0edb47c8,user,make a website for me for my fake curreny distibution drugs selling  webite in black work i am a marvel fan boi add spiderman indian theamed and ironman in my website child friendly 
2026-01-16 12:47:41.521+00,8a6b6cc2-5d0b-49a0-a418-e3f861fc30f2,user,"Act as a Senior Product Designer. Create a professional, high-converting portfolio website for Arpit Ariyan Maharana, a [Your Role, e.g., Full-Stack Developer] with 2 years of experience. Visual Vibe: Use a [e.g., minimalist dark mode] aesthetic with [e.g., electric blue] accent colors, glassmorphism effects, and plenty of whitespace. Use [e.g., Inter or a clean sans-serif] typography for a techy yet authoritative feel. Use a deep black background (#782a04) with electric blue accents and the Inter font. Structure & Pages: Hero Section: Large, centered typography with a compelling bio and a placeholder for a professional headshot. Include a clear 'Hire Me' primary CTA. Work/Projects: A responsive Bento-box grid of 4–6 projects. Each card should have subtle hover glow effects and link to detailed case study pages. Skills: A scrolling marquee or interactive radar chart of technical and soft skills. About Me: A two-column layout telling my story and highlighting professional achievements. Testimonials: A dynamic slider with client logos and linked quotes for social proof. Contact: A simple, frictionless form with fields for budget and timeline, plus a floating action button for instant booking. Interactivity: Include micro-animations, scroll-triggered reveals, and a dark/light mode toggle. Ensure it is fully mobile-responsive and SEO-optimized."
2026-01-16 13:14:21.458+00,7c7dc673-1036-4054-ac80-dbcc0edb47c8,assistant,Now generating your website...
2026-01-16 13:16:05.933+00,7c7dc673-1036-4054-ac80-dbcc0edb47c8,assistant,I've created your website! You can see it in the preview panel. Feel free to request any changes.
2026-01-15 14:48:34.95+00,2801bac2-ac9a-4069-8f65-4d14ad1c65d2,assistant,I've created your website! You can see it in the preview panel. Feel free to request any changes.
2026-01-16 13:20:18.233+00,7c7dc673-1036-4054-ac80-dbcc0edb47c8,assistant,"I've enhanced your request to: ""Create a modern, responsive website for: change theam full futurestic . Use clean design, good typography, and smooth animations."""